0,cleaf,cawood,cfroot,cmass
1,0.45345628,16.681387,0.43601012,17.570854
