0,cleaf,cawood,cfroot,cmass
1,0.5202662658691406,9.258807983398437,0.5309015655517578,10.309975814819337
