0,cleaf,cawood,cfroot,cmass
1,0.47379786,4.2785244,0.34843126,5.1007533
