0,cleaf,cawood,cfroot,cmass
1,0.4333205,15.381172,0.44052553,16.255018
