0,cleaf,cawood,cfroot,cmass
1,0.50032675,8.620448,0.46081328,9.581589
