0,cleaf,cawood,cfroot,cmass
1,0.5048473,5.09611,0.3786259,5.979583
