0,cleaf,cawood,cfroot,cmass
1,0.94983983,13.066105,0.95205605,14.968
