0,cleaf,cawood,cfroot,cmass
1,0.9429911041259765,4.905408325195313,0.9457309722900391,6.794130401611328
