0,cleaf,cawood,cfroot,cmass
1,0.34521148681640623,5.430822265625,0.3627825012207031,6.13881625366211
